-- Seed Vehicle Configurations
INSERT INTO vehicle_configurations (id, model_code, model_name, is_active) VALUES
('a1000000-0000-0000-0000-000000000001', 'MODEL-X-SEDAN', 'Model-X Sedan', true),
('a1000000-0000-0000-0000-000000000002', 'MODEL-Y-SUV', 'Model-Y SUV', true),
('a1000000-0000-0000-0000-000000000003', 'MODEL-Z-CONVERTIBLE', 'Model-Z Convertible', true);

-- Seed Colors
INSERT INTO color_options (id, vehicle_config_id, color_code, color_name) VALUES
('b1000000-0000-0000-0000-000000000001', 'a1000000-0000-0000-0000-000000000001', 'SILVER', 'Silver'),
('b1000000-0000-0000-0000-000000000002', 'a1000000-0000-0000-0000-000000000001', 'BLACK', 'Black'),
('b1000000-0000-0000-0000-000000000003', 'a1000000-0000-0000-0000-000000000001', 'WHITE', 'White'),
('b1000000-0000-0000-0000-000000000004', 'a1000000-0000-0000-0000-000000000002', 'SILVER', 'Silver'),
('b1000000-0000-0000-0000-000000000005', 'a1000000-0000-0000-0000-000000000002', 'RED', 'Red'),
('b1000000-0000-0000-0000-000000000006', 'a1000000-0000-0000-0000-000000000002', 'BLUE', 'Blue'),
('b1000000-0000-0000-0000-000000000007', 'a1000000-0000-0000-0000-000000000003', 'BLACK', 'Black'),
('b1000000-0000-0000-0000-000000000008', 'a1000000-0000-0000-0000-000000000003', 'WHITE', 'White'),
('b1000000-0000-0000-0000-000000000009', 'a1000000-0000-0000-0000-000000000003', 'RED', 'Red');

-- Seed Option Packages
INSERT INTO option_packages (id, vehicle_config_id, package_code, package_name, base_price) VALUES
('c1000000-0000-0000-0000-000000000001', 'a1000000-0000-0000-0000-000000000001', 'LUXURY-INTERIOR', 'Luxury Interior Package', 5000.00),
('c1000000-0000-0000-0000-000000000002', 'a1000000-0000-0000-0000-000000000001', 'PREMIUM-AUDIO', 'Premium Audio System', 2500.00),
('c1000000-0000-0000-0000-000000000003', 'a1000000-0000-0000-0000-000000000001', 'SUNROOF', 'Panoramic Sunroof', 1800.00),
('c1000000-0000-0000-0000-000000000004', 'a1000000-0000-0000-0000-000000000001', 'NAVIGATION', 'Navigation System', 1500.00),
('c1000000-0000-0000-0000-000000000005', 'a1000000-0000-0000-0000-000000000002', 'LUXURY-INTERIOR', 'Luxury Interior Package', 5500.00),
('c1000000-0000-0000-0000-000000000006', 'a1000000-0000-0000-0000-000000000002', 'SPORT-SUSPENSION', 'Sport Suspension', 3000.00),
('c1000000-0000-0000-0000-000000000007', 'a1000000-0000-0000-0000-000000000002', 'SUNROOF', 'Panoramic Sunroof', 1800.00),
('c1000000-0000-0000-0000-000000000008', 'a1000000-0000-0000-0000-000000000003', 'PREMIUM-AUDIO', 'Premium Audio System', 2500.00),
('c1000000-0000-0000-0000-000000000009', 'a1000000-0000-0000-0000-000000000003', 'SPORT-SUSPENSION', 'Sport Suspension', 3200.00);

-- Compatibility Rules: Sunroof incompatible with Convertible
INSERT INTO compatibility_rules (id, vehicle_config_id, option_code_a, option_code_b, rule_type, description) VALUES
('d1000000-0000-0000-0000-000000000001', 'a1000000-0000-0000-0000-000000000003', 'SUNROOF', 'MODEL-Z-CONVERTIBLE', 'INCOMPATIBLE', 'Sunroof cannot be installed on convertible models');

-- Seed Inspection Checklists (per model)
INSERT INTO inspection_checklists (id, model_code, item_description, is_safety_related, display_order) VALUES
-- Model-X Sedan
('e1000000-0000-0000-0000-000000000001', 'MODEL-X-SEDAN', 'Brake System Inspection', true, 1),
('e1000000-0000-0000-0000-000000000002', 'MODEL-X-SEDAN', 'Steering System Check', true, 2),
('e1000000-0000-0000-0000-000000000003', 'MODEL-X-SEDAN', 'Airbag System Verification', true, 3),
('e1000000-0000-0000-0000-000000000004', 'MODEL-X-SEDAN', 'Seatbelt Function Test', true, 4),
('e1000000-0000-0000-0000-000000000005', 'MODEL-X-SEDAN', 'Paint Quality Check', false, 5),
('e1000000-0000-0000-0000-000000000006', 'MODEL-X-SEDAN', 'Interior Trim Alignment', false, 6),
('e1000000-0000-0000-0000-000000000007', 'MODEL-X-SEDAN', 'Infotainment System Test', false, 7),
('e1000000-0000-0000-0000-000000000008', 'MODEL-X-SEDAN', 'Exterior Light Function', false, 8),
-- Model-Y SUV
('e1000000-0000-0000-0000-000000000009', 'MODEL-Y-SUV', 'Brake System Inspection', true, 1),
('e1000000-0000-0000-0000-000000000010', 'MODEL-Y-SUV', 'Steering System Check', true, 2),
('e1000000-0000-0000-0000-000000000011', 'MODEL-Y-SUV', 'Airbag System Verification', true, 3),
('e1000000-0000-0000-0000-000000000012', 'MODEL-Y-SUV', 'AWD System Test', true, 4),
('e1000000-0000-0000-0000-000000000013', 'MODEL-Y-SUV', 'Paint Quality Check', false, 5),
('e1000000-0000-0000-0000-000000000014', 'MODEL-Y-SUV', 'Suspension Alignment', false, 6),
-- Model-Z Convertible
('e1000000-0000-0000-0000-000000000015', 'MODEL-Z-CONVERTIBLE', 'Brake System Inspection', true, 1),
('e1000000-0000-0000-0000-000000000016', 'MODEL-Z-CONVERTIBLE', 'Steering System Check', true, 2),
('e1000000-0000-0000-0000-000000000017', 'MODEL-Z-CONVERTIBLE', 'Rollbar Safety Test', true, 3),
('e1000000-0000-0000-0000-000000000018', 'MODEL-Z-CONVERTIBLE', 'Roof Mechanism Test', false, 4),
('e1000000-0000-0000-0000-000000000019', 'MODEL-Z-CONVERTIBLE', 'Paint Quality Check', false, 5);
